"Campaign name","Delivery status","Delivery level","Amount spent (USD)",Reach,Impressions,"Result Type",Results,"Cost per result","Messaging conversations started","Cost per messaging conversation started","Messaging contacts","New messaging contacts","Returning messaging contacts",Purchases,"Cost per purchase","Purchase ROAS (return on ad spend)","Reporting starts","Reporting ends"
"Beitrag: „Happy to share our student's achievement in PTE....“",completed,campaign,150,70916,201980,"Messaging conversations started",181,0.82872928,181,0.82872928,185,154,,,,,2024-06-01,2024-10-06
"Beitrag: „WITH DANFE , You will fly UK 🇬🇧 🇬🇧 🇬🇧 “",completed,campaign,100,49830,95053,"Messaging conversations started",80,1.25,80,1.25,79,73,,,,,2024-06-01,2024-10-06
"Post: ""🎓 Ready to take your education to the next level?...""",completed,campaign,100,23421,52852,"Messaging conversations started",112,0.89285714,112,0.89285714,116,101,,,,,2024-06-01,2024-10-06
"Danfe consulting",completed,campaign,100,33112,79414,"Messaging conversations started",109,0.91743119,109,0.91743119,108,94,,,,,2024-06-01,2024-10-06
"Beitrag: „🎉 BIG NEWS: All Colors, All Sizes, All in Stock! 🎉“",active,campaign,87.54,117718,284773,"Messaging conversations started",751,0.11656458,751,0.11656458,650,597,,,,,2024-06-01,2024-10-06
"Post: ""OUR RECENT STUDENTS DUOLINGO SCORE!!!""",completed,campaign,69.98,27123,79484,"Messaging conversations started",189,0.37026455,189,0.37026455,180,170,,,,,2024-06-01,2024-10-06
"Beitrag: „🎓Study in the UK! 🇬🇧 Fees starting at just...“",inactive,campaign,62.42,27382,52180,"Messaging conversations started",35,1.78342857,35,1.78342857,36,32,,,,,2024-06-01,2024-10-06
"Beitrag: „The wait is finally over now 😎“",completed,campaign,60,157653,345662,"Messaging conversations started",707,0.08486563,707,0.08486563,713,614,,,,,2024-06-01,2024-10-06
"Beitrag: „🎉 BIG NEWS: All Colors, All Sizes, All in Stock! 🎉“",completed,campaign,60,192659,396209,"Messaging conversations started",835,0.07185629,835,0.07185629,806,731,,,,,2024-06-01,2024-10-06
"Beitrag: „#festival #offer “",active,campaign,52.74,39957,78448,"Messaging conversations started",54,0.97666667,54,0.97666667,56,51,,,,,2024-06-01,2024-10-06
"Beitrag: „Our Recent Visa Granted students, Huge...“",inactive,campaign,52.44,40498,91290,"Messaging conversations started",32,1.63875,32,1.63875,35,29,,,,,2024-06-01,2024-10-06
"Danfe Consulting Sep-12",completed,campaign,50,17976,31263,"Messaging conversations started",32,1.5625,32,1.5625,32,29,,,,,2024-06-01,2024-10-06
"Beitrag: „""🎓 Study in the heart of London! 🇬🇧 Scholarships...“",completed,campaign,50,21631,33742,"Messaging conversations started",58,0.86206897,58,0.86206897,53,48,,,,,2024-06-01,2024-10-06
"Beitrag: „🎓 Exciting News for +2 Graduates! 🌏“",completed,campaign,50,57879,93130,"Messaging conversations started",53,0.94339623,53,0.94339623,53,51,,1,50,,2024-06-01,2024-10-06
"Dan pte kathmandu Aug 21",completed,campaign,50,37096,83740,"Messaging conversations started",84,0.5952381,84,0.5952381,87,75,,,,,2024-06-01,2024-10-06
"Post: ""Dreaming of studying in the UK🇬🇧, Join the...""",completed,campaign,50,14395,31651,"Messaging conversations started",52,0.96153846,52,0.96153846,52,49,,,,,2024-06-01,2024-10-06
"Beitrag: „🎓Study in the UK! 🇬🇧 Fees starting at just...“",completed,campaign,50,23932,42627,"Messaging conversations started",29,1.72413793,29,1.72413793,30,26,,,,,2024-06-01,2024-10-06
"Beitrag: „OUR RECENT STUDENTS DUOLINGO SCORE!!!“",completed,campaign,50,15988,58168,"Messaging conversations started",155,0.32258065,155,0.32258065,155,129,,,,,2024-06-01,2024-10-06
"Beitrag: „🔥मात्र रु 1490 मा 3 Piece Jacket 🔥“",completed,campaign,50,71445,107478,"Messaging conversations started",303,0.1650165,303,0.1650165,326,302,,,,,2024-06-01,2024-10-06
"Beitrag: „🔥2 piece trouser only at Rs1590🔥“",completed,campaign,50,101423,144261,"Messaging conversations started",449,0.11135857,449,0.11135857,453,448,,,,,2024-06-01,2024-10-06
"Beitrag: „Confused about which English test to take after...“",completed,campaign,50,42841,87901,"Messaging conversations started",36,1.38888889,36,1.38888889,42,33,,,,,2024-06-01,2024-10-06
"Post: ""Dear Students! Unlock your potential with the...""",completed,campaign,50,13098,36068,"Messaging conversations started",63,0.79365079,63,0.79365079,57,50,,,,,2024-06-01,2024-10-06
"Beitrag: „Now, We are offering  IELTS classes (50% discount)!“",completed,campaign,50,31397,52351,"Messaging conversations started",75,0.66666667,75,0.66666667,77,73,,,,,2024-06-01,2024-10-06
"Beitrag: „🚀 Recent IELTS Success Story 🎉“",completed,campaign,50,33475,66913,"Messaging conversations started",68,0.73529412,68,0.73529412,67,63,,,,,2024-06-01,2024-10-06
"Beitrag: „🎓 Study at BPP University in London! 🌟 Gap years?...“",completed,campaign,50,32141,55685,"Messaging conversations started",50,1,50,1,49,47,,,,,2024-06-01,2024-10-06
"Post: ""𝗡𝗔𝗧 𝗧𝗲𝘀𝘁 𝗖𝗲𝗻𝘁𝗲𝗿 𝗖𝗵𝗶𝘁𝘄𝗮𝗻 𝗥𝗲𝗴𝗶𝘀𝘁𝗿𝗮𝘁𝗶𝗼𝗻 𝗢𝗽𝗲𝗻!""",completed,campaign,50,48228,89430,"Messaging conversations started",42,1.19047619,42,1.19047619,41,40,,,,,2024-06-01,2024-10-06
"Post: ""Join our IELTS classes! Special offer exclusively...""",completed,campaign,50,15511,23418,"Messaging conversations started",54,0.92592593,54,0.92592593,60,51,,,,,2024-06-01,2024-10-06
"Beitrag: „🎯 Book your  DUOLINGO EXAM DATE now and unlock a...“",completed,campaign,50,30305,60048,"Messaging conversations started",63,0.79365079,63,0.79365079,63,54,,,,,2024-06-01,2024-10-06
"Beitrag: „Are you planning for F1 visa ..? Are interested...“",completed,campaign,50,21233,41460,"Messaging conversations started",73,0.68493151,73,0.68493151,70,63,,,,,2024-06-01,2024-10-06
"Beitrag: „Are you looking for best place to take the...“",recently_completed,campaign,50,32138,60573,"Messaging conversations started",51,0.98039216,51,0.98039216,50,48,,,,,2024-06-01,2024-10-06
"Beitrag: „Book your DUOLINGO Test now and get the special...“",recently_completed,campaign,50,22242,44447,"Messaging conversations started",50,1,50,1,49,48,,,,,2024-06-01,2024-10-06
"Beitrag: „Now, We are offering  IELTS classes (50% discount)!“",completed,campaign,50,40636,63457,"Messaging conversations started",94,0.53191489,94,0.53191489,96,89,,,,,2024-06-01,2024-10-06
"Post: ""Looking to study in the heart of London 🇬🇧 at an...""",recently_completed,campaign,50,13705,26559,"Messaging conversations started",49,1.02040816,49,1.02040816,48,38,,,,,2024-06-01,2024-10-06
"Beitrag: „Dear Students! Unlock your potential with the...“",completed,campaign,49.71,24952,51114,"Messaging conversations started",35,1.42028571,35,1.42028571,40,34,,,,,2024-06-01,2024-10-06
"Abhiyan sep-20 House Open Post 20-Sep",active,campaign,31.48,217085,512521,"Post engagements",223784,0.00014067,52,0.60538462,51,52,,,,,2024-06-01,2024-10-06
"Abhiyan- Pokhara Ad FB Engagement Jul 26- Second",inactive,campaign,31.15,472517,718297,"Post engagements",425737,7,92,0.33858696,94,92,,,,,2024-06-01,2024-10-06
"Abhiyan - Pokhara Awareness Jul 25",inactive,campaign,30.11,134832,219857,"Post engagements",16217,0.00185669,224,0.13441964,224,223,,,,,2024-06-01,2024-10-06
"Beitrag: „More colors added Green and White added to our...“",completed,campaign,30,44709,96861,"Messaging conversations started",371,0.08086253,371,0.08086253,390,336,,,,,2024-06-01,2024-10-06
"Beitrag: „OUR RECENT STUDENTS DUOLINGO SCORE!!!“",completed,campaign,30,11897,29611,"Messaging conversations started",82,0.36585366,82,0.36585366,75,67,,,,,2024-06-01,2024-10-06
"Beitrag: „OUR STUDENTS IELTS SCORE CARD 🎉🎉🎉“",completed,campaign,29.98,17487,30592,"Messaging conversations started",19,1.57789474,19,1.57789474,20,18,,,,,2024-06-01,2024-10-06
"Beitrag: „😍❤️ Sleeveless Maxi for Women“",inactive,campaign,29.68,53755,86403,"Messaging conversations started",356,0.08337079,356,0.08337079,370,352,,,,,2024-06-01,2024-10-06
"Beitrag: „Restocked on high demand Men women summer jogger “",inactive,campaign,28.14,56138,104052,"Messaging conversations started",219,0.12849315,219,0.12849315,235,207,,,,,2024-06-01,2024-10-06
"Beitrag: „BLACK DIAMIND 10 in 1 multifunctional Air Fryer...“",completed,campaign,28,33023,56425,"Messaging conversations started",457,0.06126915,457,0.06126915,455,385,,,,,2024-06-01,2024-10-06
"Beitrag: „High quality Choli Maxi😍“",completed,campaign,25,31984,64022,"Messaging conversations started",199,0.12562814,199,0.12562814,235,153,,,,,2024-06-01,2024-10-06
"Beitrag: „😍New Arrivals“",completed,campaign,25,45370,75995,"Messaging conversations started",149,0.16778523,149,0.16778523,171,118,,,,,2024-06-01,2024-10-06
"Beitrag: „Restock Sleeveless Dress😍 Delivery All Over Nepal...“",completed,campaign,25,36814,68032,"Messaging conversations started",283,0.08833922,283,0.08833922,267,198,,,,,2024-06-01,2024-10-06
"Beitrag: „😍❤️ Botton Maxi Dress“",completed,campaign,25,27107,45875,"Messaging conversations started",121,0.20661157,121,0.20661157,129,109,,,,,2024-06-01,2024-10-06
"Beitrag: „Restock Sleeveless Dress😍 Delivery All Over Nepal...“",completed,campaign,25,54839,82055,"Messaging conversations started",312,0.08012821,312,0.08012821,326,246,,,,,2024-06-01,2024-10-06
"Beitrag: „😍❤️ Cord Sets  “",completed,campaign,25,53857,74170,"Messaging conversations started",171,0.14619883,171,0.14619883,179,169,,,,,2024-06-01,2024-10-06
"Beitrag: „New Arrivals kurti set 😍“",completed,campaign,25,36041,64819,"Messaging conversations started",212,0.11792453,212,0.11792453,234,178,,,,,2024-06-01,2024-10-06
"Post: ""New Arrivals kurti set 😍""",completed,campaign,25,40653,81504,"Messaging conversations started",387,0.06459948,387,0.06459948,422,275,,,,,2024-06-01,2024-10-06
"Beitrag: „Lining long shirt 😍 Size upto 90Kg☺️Delivery 🚚all...“",completed,campaign,25,41306,66061,"Messaging conversations started",423,0.05910165,423,0.05910165,436,361,,,,,2024-06-01,2024-10-06
"Beitrag: „New Choli Design Maxi😍“",completed,campaign,25,34085,81023,"Messaging conversations started",394,0.06345178,394,0.06345178,436,226,,,,,2024-06-01,2024-10-06
"Beitrag: „Lining long shirt 😍 Size upto 90Kg☺️Delivery 🚚all...“",completed,campaign,25,34972,74803,"Messaging conversations started",238,0.10504202,238,0.10504202,247,176,,,,,2024-06-01,2024-10-06
"Beitrag: „💥Germany++outdoor camping cargo pant💥“",completed,campaign,25,50132,64526,"Messaging conversations started",309,0.08090615,309,0.08090615,310,309,,,,,2024-06-01,2024-10-06
"Beitrag: „😍❤️ Cord Sets  “",completed,campaign,25,47130,62467,"Messaging conversations started",166,0.15060241,166,0.15060241,172,165,,,,,2024-06-01,2024-10-06
"Post: ""High quality Choli Maxi😍""",completed,campaign,25,25363,49429,"Messaging conversations started",267,0.09363296,267,0.09363296,304,161,,,,,2024-06-01,2024-10-06
"Beitrag: „😍New Arrivals“",completed,campaign,25,59447,91778,"Messaging conversations started",262,0.09541985,262,0.09541985,273,220,,,,,2024-06-01,2024-10-06
"Beitrag: „😍❤️ Cotton PJ Sets“",completed,campaign,25,38695,62414,"Messaging conversations started",198,0.12626263,198,0.12626263,204,191,,,,,2024-06-01,2024-10-06
"Beitrag: „Super Cool  🪭“",completed,campaign,25,44376,66578,"Messaging conversations started",294,0.08503401,294,0.08503401,302,266,,,,,2024-06-01,2024-10-06
"Beitrag: „👗5 Button Maxi Dress ❤️❤️❤️🌹🌹“",completed,campaign,25,32439,69533,"Messaging conversations started",212,0.11792453,212,0.11792453,265,142,,,,,2024-06-01,2024-10-06
"Beitrag: „New Arrivals kurti set 😍“",completed,campaign,25,39779,74683,"Messaging conversations started",290,0.0862069,290,0.0862069,329,217,,,,,2024-06-01,2024-10-06
"Beitrag: „Lining long shirt 😍 Size upto 90Kg☺️Delivery 🚚all...“",completed,campaign,25,50939,83969,"Messaging conversations started",552,0.04528986,552,0.04528986,607,400,,,,,2024-06-01,2024-10-06
"Beitrag: „New Arrivals kurti set 😍“",completed,campaign,25,24028,55097,"Messaging conversations started",194,0.12886598,194,0.12886598,246,105,,,,,2024-06-01,2024-10-06
"Beitrag: „Lining long shirt 😍 Size upto 90Kg☺️Delivery 🚚all...“",completed,campaign,25,41005,66738,"Messaging conversations started",477,0.0524109,477,0.0524109,501,395,,,,,2024-06-01,2024-10-06
"Beitrag: „New Arrivals kurti set 😍“",completed,campaign,25,29557,57785,"Messaging conversations started",208,0.12019231,208,0.12019231,246,172,,,,,2024-06-01,2024-10-06
"Beitrag: „😍❤️ Cord Sets  “",completed,campaign,25,62907,92175,"Messaging conversations started",227,0.11013216,227,0.11013216,242,225,,,,,2024-06-01,2024-10-06
"Beitrag: „👗5 Button Maxi Dress ❤️❤️❤️🌹🌹“",completed,campaign,25,44834,77281,"Messaging conversations started",200,0.125,200,0.125,208,167,,,,,2024-06-01,2024-10-06
"Beitrag: „New Arrivals kurti set 😍“",completed,campaign,25,65223,105688,"Messaging conversations started",499,0.0501002,499,0.0501002,508,414,,,,,2024-06-01,2024-10-06
"Beitrag: „Good lingerie deserves to be seen 😍“",completed,campaign,25,32852,54769,"Messaging conversations started",388,0.06443299,388,0.06443299,371,380,,,,,2024-06-01,2024-10-06
"Beitrag: „Looking to study abroad? Explore exciting...“",completed,campaign,25,9622,12715,"Messaging conversations started",18,1.38888889,18,1.38888889,19,14,,,,,2024-06-01,2024-10-06
"Beitrag: „New Arrivals 😍maxi “",completed,campaign,25,29861,62111,"Messaging conversations started",299,0.08361204,299,0.08361204,328,164,,,,,2024-06-01,2024-10-06
"Beitrag: „😍❤️ Sleeveless Maxi for Women“",completed,campaign,25,41191,63286,"Messaging conversations started",192,0.13020833,192,0.13020833,194,177,,,,,2024-06-01,2024-10-06
"Beitrag: „New Arrivals kurti set 😍“",completed,campaign,25,60279,101711,"Messaging conversations started",187,0.13368984,187,0.13368984,200,135,,,,,2024-06-01,2024-10-06
"Beitrag: „Easy for breastfeeding 🤱 “",completed,campaign,25,50231,101018,"Messaging conversations started",254,0.0984252,254,0.0984252,271,200,,,,,2024-06-01,2024-10-06
"Beitrag: „👗5 Button Maxi Dress ❤️❤️❤️🌹🌹“",completed,campaign,25,43151,76241,"Messaging conversations started",161,0.1552795,161,0.1552795,188,117,,,,,2024-06-01,2024-10-06
"Beitrag: „😍❤️ Cord Sets  “",completed,campaign,25,79070,112961,"Messaging conversations started",201,0.12437811,201,0.12437811,206,197,,,,,2024-06-01,2024-10-06
"Post: ""Long shirt For All Beautiful 😍 ladies size 45 to...""",completed,campaign,25,21250,47792,"Messaging conversations started",113,0.22123894,113,0.22123894,158,69,,,,,2024-06-01,2024-10-06
"Post: ""New Choli Design Maxi😍""",completed,campaign,25,50935,89237,"Messaging conversations started",312,0.08012821,312,0.08012821,350,243,,,,,2024-06-01,2024-10-06
"Beitrag: „Rs:1540 for 3 piece jacket 😍“",completed,campaign,25,43084,53312,"Messaging conversations started",96,0.26041667,96,0.26041667,105,95,,,,,2024-06-01,2024-10-06
"Beitrag: „😍❤️ Cotton Maxi for Women“",completed,campaign,25,48374,81849,"Messaging conversations started",152,0.16447368,152,0.16447368,159,146,,,,,2024-06-01,2024-10-06
"Beitrag: „Restock Sleeveless Dress😍 Delivery All Over Nepal...“",completed,campaign,25,59224,110114,"Messaging conversations started",171,0.14619883,171,0.14619883,184,128,,,,,2024-06-01,2024-10-06
"Beitrag: „🔥Side Zipper Pocket Cargo Coffee Tone Black...“",completed,campaign,25,41798,62275,"Messaging conversations started",234,0.10683761,234,0.10683761,242,217,,,,,2024-06-01,2024-10-06
"Post: ""New Arrivals kurti set 😍""",completed,campaign,25,44264,82501,"Messaging conversations started",375,0.06666667,375,0.06666667,398,292,,,,,2024-06-01,2024-10-06
"Rb Collection",archived,campaign,25,23511,34700,,,,104,0.24038462,109,102,,,,,2024-06-01,2024-10-06
"Beitrag: „High quality 😍Super Soft Shirt set 🫶🏻👌“",completed,campaign,25,28685,56033,"Messaging conversations started",540,0.0462963,540,0.0462963,587,294,,,,,2024-06-01,2024-10-06
"Post: ""😍❤️ 2Pcs Set""",completed,campaign,25,37606,56599,"Messaging conversations started",198,0.12626263,198,0.12626263,213,166,,,,,2024-06-01,2024-10-06
"Post: ""🔥मात्र रु 1490 मा 3 PIECE SUMMER WINDCHEATER...""",completed,campaign,25,42736,57474,"Messaging conversations started",158,0.15822785,158,0.15822785,162,158,,,,,2024-06-01,2024-10-06
"Post: ""🔥मात्र रु 1540 मा 3 PIECE SUMMER WINDCHEATER...""",completed,campaign,25,50520,60298,"Messaging conversations started",194,0.12886598,194,0.12886598,201,188,,,,,2024-06-01,2024-10-06
"Post: ""🔥मात्र रु 1490 मा 3 PIECE SUMMER WINDCHEATER...""",completed,campaign,25,33400,44313,"Messaging conversations started",127,0.19685039,127,0.19685039,132,126,,,,,2024-06-01,2024-10-06
"Post: ""🔥मात्र रु 1540 मा 3 PIECE SUMMER WINDCHEATER...""",completed,campaign,25,58887,72785,"Messaging conversations started",152,0.16447368,152,0.16447368,158,148,,,,,2024-06-01,2024-10-06
"Post: ""🔥2 piece trouser only at Rs1590🔥""",completed,campaign,25,51073,69979,"Messaging conversations started",227,0.11013216,227,0.11013216,236,219,,,,,2024-06-01,2024-10-06
"Post: ""🔥2 piece trouser only at Rs1590🔥""",completed,campaign,25,36016,49874,"Messaging conversations started",176,0.14204545,176,0.14204545,179,173,,,,,2024-06-01,2024-10-06
"Beitrag: „Confused about which test to take after +2?...“",completed,campaign,25,6439,16027,"Messaging conversations started",41,0.6097561,41,0.6097561,41,38,,,,,2024-06-01,2024-10-06
"Beitrag: „New Arrivals kurti set 😍“",completed,campaign,25,28122,67316,"Messaging conversations started",510,0.04901961,510,0.04901961,447,287,,,,,2024-06-01,2024-10-06
"Beitrag: „👗5 Button Maxi Dress ❤️❤️❤️🌹🌹“",completed,campaign,25,26947,50491,"Messaging conversations started",223,0.11210762,223,0.11210762,281,170,,,,,2024-06-01,2024-10-06
"Post: ""CLASSIC PJ SET (Plus Size XL, XXL)""",completed,campaign,25,70620,93752,"Messaging conversations started",114,0.21929825,114,0.21929825,115,113,,,,,2024-06-01,2024-10-06
"Post: ""Lining long shirt 😍 Size upto 90Kg☺️Delivery 🚚all...""",completed,campaign,25,36044,59933,"Messaging conversations started",301,0.08305648,301,0.08305648,337,263,,,,,2024-06-01,2024-10-06
"Post: ""😍❤️ Sleeveless Maxi for Women""",completed,campaign,25,52978,79319,"Messaging conversations started",145,0.17241379,145,0.17241379,150,134,,,,,2024-06-01,2024-10-06
"Beitrag: „🎯 Book Your IELTS, PTE, and Duolingo Test Date...“",recently_completed,campaign,25,17487,26196,"Messaging conversations started",29,0.86206897,29,0.86206897,28,27,,,,,2024-06-01,2024-10-06
"Post: ""😍New Arrivals""",completed,campaign,25,56095,87590,"Messaging conversations started",524,0.04770992,524,0.04770992,551,423,,,,,2024-06-01,2024-10-06
"Beitrag: „New Arrivals 🥳 🥰 Polar (Front Zip) Gown “",recently_completed,campaign,25,48706,98062,"Messaging conversations started",656,0.03810976,656,0.03810976,683,515,,,,,2024-06-01,2024-10-06
"Beitrag: „Super Cool  🪭“",completed,campaign,25,33018,50956,"Messaging conversations started",276,0.09057971,276,0.09057971,299,225,,,,,2024-06-01,2024-10-06
"Beitrag: „High quality 😍Super Soft Shirt set 🫶🏻👌“",recently_completed,campaign,25,32245,52151,"Messaging conversations started",338,0.0739645,338,0.0739645,373,252,,,,,2024-06-01,2024-10-06
"Post: ""Plus Size Maxi 😍""",completed,campaign,25,47821,70986,"Messaging conversations started",292,0.08561644,292,0.08561644,303,250,,,,,2024-06-01,2024-10-06
"Post: ""🔥2 piece trouser only at Rs1590🔥""",recently_completed,campaign,25,53665,75571,"Messaging conversations started",273,0.09157509,273,0.09157509,278,264,,,,,2024-06-01,2024-10-06
"Post: ""Rs:1540 for 3 piece jacket 😍""",recently_completed,campaign,25,34935,46641,"Messaging conversations started",152,0.16447368,152,0.16447368,161,147,,,,,2024-06-01,2024-10-06
"Post: ""🔥मात्र रु 1490 मा 3 PIECE SUMMER WINDCHEATER...""",recently_completed,campaign,25,33402,46998,"Messaging conversations started",168,0.14880952,168,0.14880952,172,165,,,,,2024-06-01,2024-10-06
"Post: ""🔥मात्र रु 1540 मा 3 PIECE SUMMER WINDCHEATER...""",recently_completed,campaign,25,62992,75422,"Messaging conversations started",202,0.12376238,202,0.12376238,214,197,,,,,2024-06-01,2024-10-06
"Post: ""Plus Size Maxi 😍""",completed,campaign,25,47804,73667,"Messaging conversations started",378,0.06613757,378,0.06613757,410,333,,,,,2024-06-01,2024-10-06
"Post: ""New Arrivals""",completed,campaign,25,37646,56049,"Messaging conversations started",255,0.09803922,255,0.09803922,272,209,,,,,2024-06-01,2024-10-06
"Post: ""🔥मात्र रु 1490 मा 3 PIECE SUMMER WINDCHEATER...""",recently_completed,campaign,25,37571,54543,"Messaging conversations started",198,0.12626263,198,0.12626263,210,195,,,,,2024-06-01,2024-10-06
"Post: ""🔥2 piece trouser only at Rs1590🔥""",recently_completed,campaign,25,41719,56881,"Messaging conversations started",219,0.11415525,219,0.11415525,232,217,,,,,2024-06-01,2024-10-06
"Beitrag: „CLASSIC PJ SET (Plus Size XL, XXL)“",completed,campaign,25,50400,67394,"Messaging conversations started",132,0.18939394,132,0.18939394,137,124,,,,,2024-06-01,2024-10-06
"Beitrag: „New Arrivals kurti set 😍“",completed,campaign,25,49534,77280,"Messaging conversations started",333,0.07507508,333,0.07507508,348,287,,,,,2024-06-01,2024-10-06
"Beitrag: „😍❤️ Sleeveless Maxi for Women“",completed,campaign,25,44717,69702,"Messaging conversations started",144,0.17361111,144,0.17361111,154,134,,,,,2024-06-01,2024-10-06
"Beitrag: „Lining long shirt 😍 Size upto 90Kg☺️Delivery 🚚all...“",completed,campaign,25,41882,63062,"Messaging conversations started",354,0.07062147,354,0.07062147,380,320,,,,,2024-06-01,2024-10-06
"Post: ""New Arrivals Beautiful Dress (PLUS Size) 🌹💋""",completed,campaign,25,35234,52146,"Messaging conversations started",136,0.18382353,136,0.18382353,145,133,,,,,2024-06-01,2024-10-06
"Beitrag: „😍❤️ Sleeveless Maxi for Women“",completed,campaign,25,56751,83292,"Messaging conversations started",189,0.13227513,189,0.13227513,200,181,,,,,2024-06-01,2024-10-06
"Beitrag: „😍❤️ Cord Sets  “",completed,campaign,25,49838,69111,"Messaging conversations started",174,0.14367816,174,0.14367816,181,169,,,,,2024-06-01,2024-10-06
"Beitrag: „Lining long shirt 😍 Size upto 90Kg☺️Delivery 🚚all...“",completed,campaign,25,47236,71360,"Messaging conversations started",363,0.06887052,363,0.06887052,389,308,,,,,2024-06-01,2024-10-06
"Beitrag: „New Arrivals kurti set 😍“",completed,campaign,25,36796,80046,"Messaging conversations started",438,0.05707763,438,0.05707763,469,310,,,,,2024-06-01,2024-10-06
"Beitrag: „New Arrivals kurti set 😍“",completed,campaign,25,28550,52878,"Messaging conversations started",176,0.14204545,176,0.14204545,207,145,,,,,2024-06-01,2024-10-06
"Beitrag: „Lining long shirt 😍 Size upto 90Kg☺️Delivery 🚚all...“",completed,campaign,25,44004,67132,"Messaging conversations started",332,0.0753012,332,0.0753012,347,250,,,,,2024-06-01,2024-10-06
"Beitrag: „🔥3psc jacket Rs:1490🔥“",completed,campaign,25,28771,41165,"Messaging conversations started",124,0.2016129,124,0.2016129,130,124,,,,,2024-06-01,2024-10-06
"Beitrag: „😍❤️ Sleeveless Maxi for Women“",completed,campaign,25,50507,77454,"Messaging conversations started",418,0.05980861,418,0.05980861,418,418,,,,,2024-06-01,2024-10-06
"Beitrag: „🔥2 piece trouser only at Rs1590🔥“",completed,campaign,25,44861,63357,"Messaging conversations started",198,0.12626263,198,0.12626263,207,197,,,,,2024-06-01,2024-10-06
"Beitrag: „Lining long shirt 😍 Size upto 90Kg☺️Delivery 🚚all...“",completed,campaign,25,29468,49166,"Messaging conversations started",347,0.07204611,347,0.07204611,380,239,,,,,2024-06-01,2024-10-06
"Beitrag: „High quality Choli Maxi😍“",completed,campaign,25,31581,60174,"Messaging conversations started",226,0.11061947,226,0.11061947,247,165,,,,,2024-06-01,2024-10-06
"Post: ""New Choli Design Maxi😍""",completed,campaign,25,32818,60429,"Messaging conversations started",248,0.10080645,248,0.10080645,268,200,,,,,2024-06-01,2024-10-06
"Beitrag: „🔥3 piece  only at Rs1540🔥“",completed,campaign,25,48712,60160,"Messaging conversations started",121,0.20661157,121,0.20661157,134,120,,,,,2024-06-01,2024-10-06
"Beitrag: „New Arrivals kurti set 😍“",completed,campaign,25,25244,48433,"Messaging conversations started",178,0.14044944,178,0.14044944,208,145,,,,,2024-06-01,2024-10-06
"Beitrag: „Cotton 2 piece set 😍“",completed,campaign,25,30560,56090,"Messaging conversations started",268,0.09328358,268,0.09328358,278,165,,,,,2024-06-01,2024-10-06
"Post: ""RE-STOCK UPDATE""",completed,campaign,25,39298,68213,"Messaging conversations started",279,0.08960573,279,0.08960573,307,171,,,,,2024-06-01,2024-10-06
"Beitrag: „High quality Choli Maxi😍“",completed,campaign,25,39517,63996,"Messaging conversations started",291,0.08591065,291,0.08591065,316,248,,,,,2024-06-01,2024-10-06
"Instagram post: Elevate your lingerie with this...",recently_completed,campaign,24.99,17290,31027,"Messaging conversations started",227,0.11008811,227,0.11008811,243,133,,,,,2024-06-01,2024-10-06
"Instagram-Beitrag: Lace triangle🥂
With sheer lace...",completed,campaign,24.98,20355,30357,"Messaging conversations started",302,0.08271523,302,0.08271523,322,202,,,,,2024-06-01,2024-10-06
"Instagram-Beitrag: Lace triangle🥂
With sheer lace...",completed,campaign,24.98,15242,24747,"Messaging conversations started",259,0.09644788,259,0.09644788,263,194,,,,,2024-06-01,2024-10-06
"Post: ""🔥3 piece  only at Rs1540🔥""",completed,campaign,24.98,77895,96102,"Messaging conversations started",201,0.12427861,201,0.12427861,201,201,,,,,2024-06-01,2024-10-06
"Instagram post: Summer may be out but these sets...",completed,campaign,24.94,21803,37611,"Messaging conversations started",198,0.1259596,198,0.1259596,208,141,,,,,2024-06-01,2024-10-06
"Abhiyan - Hamdam Aug 6",inactive,campaign,22.71,17112,37144,"Messaging conversations started",365,0.06221918,365,0.06221918,368,361,,,,,2024-06-01,2024-10-06
"Post: ""🇮🇩 Indonesian Choli Maxi😍""",active,campaign,22.26,31953,52781,"Messaging conversations started",329,0.06765957,329,0.06765957,373,228,,,,,2024-06-01,2024-10-06
"Beitrag: „New Arrivals Beautiful Dress (PLUS Size) 🌹💋“",inactive,campaign,21.31,20817,29885,"Messaging conversations started",128,0.16648437,128,0.16648437,138,126,,,,,2024-06-01,2024-10-06
"Beitrag: „Super Cool  🪭“",inactive,campaign,21.09,28942,41414,"Messaging conversations started",226,0.09331858,226,0.09331858,247,204,,,,,2024-06-01,2024-10-06
"Beitrag: „New Choli Design Maxi😍“",inactive,campaign,20.87,25279,42581,"Messaging conversations started",150,0.13913333,150,0.13913333,157,123,,,,,2024-06-01,2024-10-06
"Abhiyan- Openhouse Teej Booking Aug 26- Post Aug 26",inactive,campaign,20.75,15878,31659,"Messaging conversations started",112,0.18526786,112,0.18526786,112,105,,,,,2024-06-01,2024-10-06
"Post: ""😍❤️ Sleeveless Maxi for Women""",inactive,campaign,20.37,46279,60119,"Messaging conversations started",151,0.13490066,151,0.13490066,161,145,,,,,2024-06-01,2024-10-06
"Abhiyan- Catwalk Vten  FB Sep 23- Post Sep 23",inactive,campaign,20.35,23364,65052,"Messaging conversations started",256,0.07949219,256,0.07949219,264,224,,,,,2024-06-01,2024-10-06
"Beitrag: „Explore your academic journey at the University...“",inactive,campaign,20.18,5567,10721,"Messaging conversations started",8,2.5225,8,2.5225,12,4,,,,,2024-06-01,2024-10-06
"Beitrag: „CLASSIC PJ SET (Free Size XL, XXL)“",completed,campaign,20.01,17297,26691,"Messaging conversations started",68,0.29426471,68,0.29426471,72,67,,,,,2024-06-01,2024-10-06
"Beitrag: „🔥२ पिस ट्राउजर मात्र रु १५९० मा 🔥“",completed,campaign,20,49159,62092,"Messaging conversations started",161,0.1242236,161,0.1242236,176,159,,,,,2024-06-01,2024-10-06
"Beitrag: „🔥3 ओटा कुर्ता शर्ट मात्र रु 1499🔥2 ओटा कुर्ता...“",completed,campaign,20,44175,68589,"Messaging conversations started",161,0.1242236,161,0.1242236,173,155,,,,,2024-06-01,2024-10-06
"Beitrag: „🔥मात्र रु1490 मा 3 Piece Wincheater Jacket 🔥“",completed,campaign,20,37117,50738,"Messaging conversations started",141,0.14184397,141,0.14184397,154,135,,,,,2024-06-01,2024-10-06
"Beitrag: „🔥मात्र रु 1540 मा 3 पिस ज्याकेट🔥“",completed,campaign,20,78533,96183,"Messaging conversations started",147,0.13605442,147,0.13605442,155,143,,,,,2024-06-01,2024-10-06
"Post: ""🔥मात्र रु1490 मा 3 Piece Wincheater Jacket 🔥""",completed,campaign,20,41525,55468,"Messaging conversations started",123,0.16260163,123,0.16260163,134,117,,,,,2024-06-01,2024-10-06
"Beitrag: „YES WE ARE DANPTE🙏“",completed,campaign,20,45774,49716,ThruPlay,24777,0.0008072,14,1.42857143,14,14,,,,,2024-06-01,2024-10-06
"Beitrag: „🔥3 ओटा कुर्ता शर्ट मात्र रु 1499🔥2 ओटा कुर्ता...“",inactive,campaign,20,62049,92521,"Messaging conversations started",258,0.07751938,258,0.07751938,260,236,,,,,2024-06-01,2024-10-06
"Beitrag: „🔥२ पिस ट्राउजर मात्र रु १५९० मा 🔥“",completed,campaign,20,59221,77898,"Messaging conversations started",190,0.10526316,190,0.10526316,201,186,,,,,2024-06-01,2024-10-06
"Post: ""Hurry up! Hurry up! Hurry up!""",completed,campaign,20,21099,39502,"Messaging conversations started",49,0.40816327,49,0.40816327,49,49,,,,,2024-06-01,2024-10-06
"Post: ""🔥मात्र रु 1540 मा 3 पिस ज्याकेट🔥""",completed,campaign,20,72988,85497,"Messaging conversations started",169,0.1183432,169,0.1183432,172,163,,,,,2024-06-01,2024-10-06
"Beitrag: „✨मात्र रु 1490 मा ३ piece SUMMER WINDCHEATER...“",completed,campaign,20,48094,62231,"Messaging conversations started",141,0.14184397,141,0.14184397,151,136,,,,,2024-06-01,2024-10-06
"Beitrag: „🔥२ पिस ट्राउजर मात्र रु१५९० मा 🔥“",completed,campaign,20,60592,77433,"Messaging conversations started",197,0.10152284,197,0.10152284,205,183,,,,,2024-06-01,2024-10-06
"Beitrag: „🌟 Elevate Your Wardrobe with Nepalese Cotton...“",completed,campaign,20,30022,59507,"Messaging conversations started",104,0.19230769,104,0.19230769,126,91,,,,,2024-06-01,2024-10-06
"Beitrag: „💥🔥Arabic Lawn Two Piece co-order Set💥🔥“",completed,campaign,20,34569,44885,"Messaging conversations started",177,0.11299435,177,0.11299435,171,165,,,,,2024-06-01,2024-10-06
"Beitrag: „𝓢𝓾𝓶𝓶𝓮𝓻 𝓢𝓪𝓵𝓮 !!!𝓢𝓾𝓶𝓶𝓮𝓻 𝓢𝓪𝓵𝓮 !!!𝓢𝓾𝓶𝓶𝓮𝓻 𝓢𝓪𝓵𝓮 !!!“",completed,campaign,20,9071,16968,"Messaging conversations started",42,0.47619048,42,0.47619048,42,40,,,,,2024-06-01,2024-10-06
"Beitrag: „🔥मात्र रु 1499 maaa ट्र्याकसूट सेट🔥“",completed,campaign,20,38683,54247,"Messaging conversations started",157,0.12738854,157,0.12738854,177,153,,,,,2024-06-01,2024-10-06
"Beitrag: „🔥मात्र रु 1540 मा 3 पिस ज्याकेट🔥“",completed,campaign,20,61018,76287,"Messaging conversations started",165,0.12121212,165,0.12121212,167,160,,,,,2024-06-01,2024-10-06
"Beitrag: „🔥मात्र रु1490 मा 3 Piece Wincheater Jacket 🔥“",completed,campaign,20,57352,70944,"Messaging conversations started",143,0.13986014,143,0.13986014,146,137,,,,,2024-06-01,2024-10-06
"Beitrag: „🔥२ पिस ट्राउजर मात्र रु १५९० मा 🔥“",completed,campaign,20,72063,88459,"Messaging conversations started",194,0.10309278,194,0.10309278,197,188,,,,,2024-06-01,2024-10-06
"Beitrag: „🔥3 ओटा कुर्ता शर्ट मात्र रु 1500🔥2 ओटा कुर्ता...“",completed,campaign,20,28524,42568,"Messaging conversations started",179,0.11173184,179,0.11173184,180,171,,,,,2024-06-01,2024-10-06
"Beitrag: „Celebrate this Father's Day with a special gift...“",completed,campaign,20,30185,60284,"Messaging conversations started",114,0.1754386,114,0.1754386,120,84,,,,,2024-06-01,2024-10-06
"Beitrag: „🔥मात्र रु 1499 maaa ट्र्याकसूट सेट🔥“",completed,campaign,20,47779,66509,"Messaging conversations started",238,0.08403361,238,0.08403361,243,222,,,,,2024-06-01,2024-10-06
"Beitrag: „🔥3 ओटा कुर्ता शर्ट मात्र रु 1499🔥2 ओटा कुर्ता...“",completed,campaign,20,40997,63987,"Messaging conversations started",156,0.12820513,156,0.12820513,182,150,,,,,2024-06-01,2024-10-06
"Post: ""𝓢𝓾𝓶𝓶𝓮𝓻 𝓢𝓪𝓵𝓮 !!!𝓢𝓾𝓶𝓶𝓮𝓻 𝓢𝓪𝓵𝓮 !!!𝓢𝓾𝓶𝓶𝓮𝓻 𝓢𝓪𝓵𝓮 !!!""",completed,campaign,20,9221,22251,"Messaging conversations started",49,0.40816327,49,0.40816327,50,45,,,,,2024-06-01,2024-10-06
"Beitrag: „✨मात्र रु १५४० मा ३ ज्याकेट 🔥“",completed,campaign,20,76310,88709,"Messaging conversations started",147,0.13605442,147,0.13605442,153,141,,,,,2024-06-01,2024-10-06
"Post: ""🍂 Get ready for autumn with our Pure Cotton...""",recently_completed,campaign,19.84,34249,59970,"Messaging conversations started",72,0.27555556,72,0.27555556,75,53,,,,,2024-06-01,2024-10-06
"[24.08.2024] Werben für DAN PTE",completed,campaign,19.82,115018,225787,"Follows or likes",596,0.03325503,,,,,,,,,2024-06-01,2024-10-06
"Post: ""We are happy to share our student achievements.""",completed,campaign,19,10555,18750,"Messaging conversations started",24,0.79166667,24,0.79166667,24,19,,,,,2024-06-01,2024-10-06
"Beitrag: „👁‍🗨Secure Your UK Student Visa in Just 🕧🕧🕛🕛30 Days!🔸🔸“",inactive,campaign,18.95,6794,12225,"Messaging conversations started",5,3.79,5,3.79,7,4,,,,,2024-06-01,2024-10-06
"Beitrag: „MR. Dipendra Ghising Tamang has received his visa...“",completed,campaign,18.85,7732,12412,"Messaging conversations started",29,0.65,29,0.65,30,26,,,,,2024-06-01,2024-10-06
"Post: ""High quality linning shirt😍 """,active,campaign,18.75,34420,50015,"Messaging conversations started",155,0.12096774,155,0.12096774,163,121,,,,,2024-06-01,2024-10-06
"Post: ""New Arrivals 🥳 🥰 Polar ( Gown Set ) Gown """,active,campaign,18.73,31780,61760,"Messaging conversations started",282,0.06641844,282,0.06641844,312,213,,,,,2024-06-01,2024-10-06
"Post: ""New Arrivals 🥳 🥰 Polar Gown 😍""",active,campaign,18.56,16049,35377,"Messaging conversations started",202,0.09188119,202,0.09188119,240,115,,,,,2024-06-01,2024-10-06
"Beitrag: „New Arrivals 🥳 🥰 Polar (Front Zip) Gown “",inactive,campaign,18.16,25891,48604,"Messaging conversations started",296,0.06135135,296,0.06135135,335,177,,,,,2024-06-01,2024-10-06
"Post: ""Rs. 1099""",completed,campaign,18,49092,64449,"Messaging conversations started",97,0.18556701,97,0.18556701,103,95,,,,,2024-06-01,2024-10-06
"Abhiyan- Catwalk Vten Sep 11- Post Sep 4",inactive,campaign,17.97,148441,227730,Reach,148441,0.1210582,7,2.56714286,1,7,,,,,2024-06-01,2024-10-06
"Abhiyan- Office on sale Aug 26",inactive,campaign,17.91,11716,35153,"Messaging conversations started",34,0.52676471,34,0.52676471,35,30,,,,,2024-06-01,2024-10-06
"Abhiyan- Pokhara News Jul 28",inactive,campaign,17.65,59406,121593,"Post engagements",3703,0.00476641,,,,,,,,,2024-06-01,2024-10-06
"Abhiyan - Rangin Office Sale",inactive,campaign,17.59,16606,39201,"Messaging conversations started",35,0.50257143,35,0.50257143,35,35,,,,,2024-06-01,2024-10-06
"Post: ""New Arrivals kurti set 😍""",inactive,campaign,17.25,17888,32785,"Messaging conversations started",111,0.15540541,111,0.15540541,130,88,,,,,2024-06-01,2024-10-06
"Abhiyan- Nabin Aug 30 Second",inactive,campaign,17.1,49347,76252,"Messaging conversations started",292,0.05856164,292,0.05856164,306,246,,,,,2024-06-01,2024-10-06
"Beitrag: „🔥3 ओटा कुर्ता शर्ट मात्र रु 1499🔥2 ओटा कुर्ता...“",completed,campaign,17,32731,51998,"Messaging conversations started",100,0.17,100,0.17,110,91,,,,,2024-06-01,2024-10-06
"Abhiyan- Nabin Aug 30 First",inactive,campaign,16.98,26811,63620,"Messaging conversations started",132,0.12863636,132,0.12863636,140,110,,,,,2024-06-01,2024-10-06
"Post: ""👗High Quality Lining Choli Design Maxi ❤️❤️❤️🌹🌹""",inactive,campaign,16.5,25455,41247,"Messaging conversations started",144,0.11458333,144,0.11458333,162,86,,,,,2024-06-01,2024-10-06
"Beitrag: „High quality Choli Maxi😍“",inactive,campaign,16.42,27875,51578,"Messaging conversations started",114,0.14403509,114,0.14403509,136,86,,,,,2024-06-01,2024-10-06
"Abhiyan- Hamdam Aug 19",inactive,campaign,16.37,19242,35775,"Messaging conversations started",86,0.19034884,86,0.19034884,97,84,,,,,2024-06-01,2024-10-06
"Post: ""New  Arrivals 😍""",inactive,campaign,16.19,16065,33485,"Messaging conversations started",158,0.10246835,158,0.10246835,181,74,,,,,2024-06-01,2024-10-06
"Abhiyan- Hamdam Jul 31",inactive,campaign,15.78,13849,33385,"Messaging conversations started",264,0.05977273,264,0.05977273,267,264,,,,,2024-06-01,2024-10-06
"Beitrag: „New Choli Design Maxi😍“",inactive,campaign,15.12,24737,45691,"Messaging conversations started",132,0.11454545,132,0.11454545,155,87,,,,,2024-06-01,2024-10-06
"Beitrag: „""Explore endless Master's options at BPP...“",completed,campaign,15,4038,9183,"Messaging conversations started",18,0.83333333,18,0.83333333,18,17,,,,,2024-06-01,2024-10-06
"Beitrag: „Attention teachers, and professionals! 📚 Ready to...“",completed,campaign,15,18865,40384,"Messaging conversations started",188,0.07978723,188,0.07978723,188,174,,,,,2024-06-01,2024-10-06
"Beitrag: „The wait is finally over now 😎“",completed,campaign,15,37355,63271,"Messaging conversations started",192,0.078125,192,0.078125,212,185,,,,,2024-06-01,2024-10-06
"diamond ad",completed,campaign,15,16601,35137,"Messaging conversations started",192,0.078125,192,0.078125,193,180,,,,,2024-06-01,2024-10-06
"Post: ""Plus Size Maxi 😍""",completed,campaign,15,19884,30495,"Messaging conversations started",151,0.09933775,151,0.09933775,164,118,,,,,2024-06-01,2024-10-06
"Beitrag: „Keep yourself cool 😎 and comfortable with these...“",completed,campaign,15,18794,37312,"Messaging conversations started",109,0.13761468,109,0.13761468,129,89,,,,,2024-06-01,2024-10-06
"Post: ""Attention teachers, and professionals! 📚 Ready to...""",completed,campaign,15,32720,70875,"Messaging conversations started",266,0.05639098,266,0.05639098,272,255,,,,,2024-06-01,2024-10-06
"Beitrag: „Summer shorts for both men and women“",completed,campaign,15,20882,40311,"Messaging conversations started",127,0.11811024,127,0.11811024,132,105,,,,,2024-06-01,2024-10-06
"Beitrag: „WITH DANFE , You will fly UK 🇬🇧 🇬🇧 🇬🇧 “",completed,campaign,15,39230,55797,"Post engagements",3405,0.00440529,7,2.14285714,7,7,,,,,2024-06-01,2024-10-06
"Post: ""बडा दशैं आशिर्वाद अफर; चाडपर्वको शुभ सुरुवात आजै...""",completed,campaign,15,12373,20458,"Messaging conversations started",29,0.51724138,29,0.51724138,30,27,,,,,2024-06-01,2024-10-06
"Beitrag: „🌟 Elevate Your Wardrobe with Nepalese Cotton...“",completed,campaign,15,19134,37510,"Messaging conversations started",63,0.23809524,63,0.23809524,91,49,,,,,2024-06-01,2024-10-06
"[25.07.2024] Werben für Danfe Consulting Kathmandu",completed,campaign,14.97,27938,45774,"Follows or likes",546,0.02741758,,,,,,,,,2024-06-01,2024-10-06
"Beitrag: „Dashain Offer (Limited Stock)“",active,campaign,14.91,16642,24092,"Messaging conversations started",91,0.16384615,91,0.16384615,96,69,,,,,2024-06-01,2024-10-06
"Beitrag: „😍❤️ Dashian Offer (Limited Stock)“",active,campaign,14.84,25638,36355,"Messaging conversations started",120,0.12366667,120,0.12366667,126,109,,,,,2024-06-01,2024-10-06
"Beitrag: „😍❤️ Dashain Offer (Limited Stock)“",active,campaign,14.84,24468,33795,"Messaging conversations started",44,0.33727273,44,0.33727273,49,38,,,,,2024-06-01,2024-10-06
"Post: ""We're Hiring!""",completed,campaign,14.81,9365,22351,"Messaging conversations started",79,0.18746835,79,0.18746835,65,74,,,,,2024-06-01,2024-10-06
"Beitrag: „High quality Choli Maxi😍“",inactive,campaign,14.76,18152,29153,"Messaging conversations started",120,0.123,120,0.123,138,90,,,,,2024-06-01,2024-10-06
"Abhiyan- Catwalk Vten FB Sep 5- Post Sep 4",inactive,campaign,14.67,442581,526731,Reach,442581,0.03314647,,,,,,,,,2024-06-01,2024-10-06
"Beitrag: „😍New Arrivals“",inactive,campaign,14.64,24698,36292,"Messaging conversations started",147,0.09959184,147,0.09959184,184,145,,,,,2024-06-01,2024-10-06
"Beitrag: „CLASSIC PJ SET (Free Size XL, XXL)“",inactive,campaign,14.26,15331,22743,"Messaging conversations started",88,0.16204545,88,0.16204545,89,86,,,,,2024-06-01,2024-10-06
"Beitrag: „😍❤️ Sleeveless Maxi for Women“",inactive,campaign,14.13,35842,47210,"Messaging conversations started",146,0.09678082,146,0.09678082,148,135,,,,,2024-06-01,2024-10-06
"Post: ""🎉 Dashain Dhamaka Offer is here! Hurry up and...""",completed,campaign,14,30266,48413,"Messaging conversations started",352,0.03977273,352,0.03977273,356,332,,,,,2024-06-01,2024-10-06
"Beitrag: „🎉 Dashain Dhamaka Offer is here! Hurry up and...“",completed,campaign,14,21982,40457,"Messaging conversations started",407,0.03439803,407,0.03439803,406,373,,,,,2024-06-01,2024-10-06
"Beitrag: „BLACK DIAMIND 10 in 1 multifunctional Air Fryer...“",completed,campaign,14,20500,32507,"Messaging conversations started",242,0.05785124,242,0.05785124,243,198,,,,,2024-06-01,2024-10-06
"Post: ""Order Now #🌼🎁 """,completed,campaign,14,28056,51761,"Messaging conversations started",168,0.08333333,168,0.08333333,170,150,,,,,2024-06-01,2024-10-06
"Beitrag: „BLACK DIAMIND 10 in 1 multifunctional Air Fryer...“",completed,campaign,14,18875,29778,"Messaging conversations started",189,0.07407407,189,0.07407407,191,165,,,,,2024-06-01,2024-10-06
"Beitrag: „Cotton Joggers available “",completed,campaign,14,26687,46676,"Messaging conversations started",125,0.112,125,0.112,134,104,,,,,2024-06-01,2024-10-06
"Post: ""हरेक ठाउँमा आयुर्वेदको प्रचार, आयुर्वेदिक पंचकर्म...""",completed,campaign,14,19085,42609,"Messaging conversations started",34,0.41176471,34,0.41176471,34,26,,,,,2024-06-01,2024-10-06
"Home And Electonics",completed,campaign,14,14373,22738,"Messaging conversations started",105,0.13333333,105,0.13333333,110,84,,,,,2024-06-01,2024-10-06
"Instagram-Beitrag: Cotton Joggers available...",completed,campaign,13.87,46094,62368,"Messaging conversations started",109,0.12724771,109,0.12724771,89,76,,1,13.87,,2024-06-01,2024-10-06
"Post: ""Super Cool  🪭""",inactive,campaign,13.59,21075,27776,"Messaging conversations started",63,0.21571429,63,0.21571429,74,53,,,,,2024-06-01,2024-10-06
"Post: ""👗5 Button Maxi Dress ❤️❤️❤️🌹🌹""",inactive,campaign,13.51,13798,24903,"Messaging conversations started",139,0.09719424,139,0.09719424,169,108,,,,,2024-06-01,2024-10-06
"Post: ""Super Cool  🪭""",inactive,campaign,13.33,18502,25294,"Messaging conversations started",120,0.11108333,120,0.11108333,138,111,,,,,2024-06-01,2024-10-06
"Beitrag: „७ दिनमा नै आत्मविश्वासी Speaker बन्नुहाेस्। 🎤“",completed,campaign,13,15028,33410,"Messaging conversations started",156,0.08333333,156,0.08333333,160,130,,,,,2024-06-01,2024-10-06
"Post: ""New Choli Design Maxi😍""",inactive,campaign,12.96,19833,26074,"Messaging conversations started",83,0.15614458,83,0.15614458,95,71,,,,,2024-06-01,2024-10-06
"Beitrag: „Lining long shirt 😍 Size upto 90Kg☺️Delivery 🚚all...“",inactive,campaign,12.78,27161,40681,"Messaging conversations started",395,0.03235443,395,0.03235443,407,249,,,,,2024-06-01,2024-10-06
"Abhiyan- Catwalk Vten Sep 23- Post Sep 23",inactive,campaign,12.36,118263,122613,Reach,118263,0.10451282,1,12.36,1,1,,,,,2024-06-01,2024-10-06
"Abhiyan- Catwalk 2nd Anniversary Aug 13- Post Aug 9",inactive,campaign,12.28,137579,147247,Reach,137579,0.08925781,2,6.14,2,2,,,,,2024-06-01,2024-10-06
"Post: ""Rs. 1500""",completed,campaign,12,49683,61463,"Messaging conversations started",145,0.08275862,145,0.08275862,146,141,,,,,2024-06-01,2024-10-06
"Post: ""Premium quality watch available now.""",completed,campaign,12,52049,72481,"Messaging conversations started",220,0.05454545,220,0.05454545,220,208,,,,,2024-06-01,2024-10-06
"Post: ""Get free delivery all over Nepal """,completed,campaign,12,23253,31472,"Messaging conversations started",74,0.16216216,74,0.16216216,75,74,,,,,2024-06-01,2024-10-06
"Post: ""New Arrivals kurti set 😍""",inactive,campaign,11.93,20050,30658,"Messaging conversations started",179,0.06664804,179,0.06664804,199,105,,,,,2024-06-01,2024-10-06
"Beitrag: „Super Cool  🪭“",inactive,campaign,11.8,22310,30675,"Messaging conversations started",98,0.12040816,98,0.12040816,107,76,,,,,2024-06-01,2024-10-06
"Abhiyan- Hamdam Aug 28",inactive,campaign,11.71,22290,36324,"Messaging conversations started",93,0.12591398,93,0.12591398,94,92,,,,,2024-06-01,2024-10-06
"Beitrag: „Good lingerie deserves to be seen 😍“",inactive,campaign,11.7,21136,29721,"Messaging conversations started",254,0.04606299,254,0.04606299,266,250,,,,,2024-06-01,2024-10-06
"Beitrag: „Mixed Printed maxi Available 😍🌸“",completed,campaign,11.59,13977,26809,"Messaging conversations started",68,0.17044118,68,0.17044118,90,38,,,,,2024-06-01,2024-10-06
"Abhiyan- Catwalk Nihan Hightlight Sep 2- Post Sep 1",inactive,campaign,11.51,120882,143338,Reach,120882,0.09521682,2,5.755,2,2,,,,,2024-06-01,2024-10-06
"Beitrag: „🌟 Study in the UK this September without IELTS/PTE! 🌟“",inactive,campaign,11.28,5781,8079,"Messaging conversations started",2,5.64,2,5.64,2,2,,,,,2024-06-01,2024-10-06
"Post: ""🔥२ पिस ट्राउजर मात्र रु १५९० मा 🔥""",completed,campaign,11.2,27347,33071,"Messaging conversations started",72,0.15555556,72,0.15555556,73,54,,,,,2024-06-01,2024-10-06
"Post: ""🔥3 पिस Summer Windcheater मात्र रु.1490 मा 🔥""",completed,campaign,10.62,21915,28463,"Messaging conversations started",15,0.708,15,0.708,14,8,,,,,2024-06-01,2024-10-06
"Post: ""🎯 Book your PTE and  DUOLINGO now and unlock a...""",inactive,campaign,10.25,5353,7143,"Messaging conversations started",6,1.70833333,6,1.70833333,9,6,,,,,2024-06-01,2024-10-06
"Abhiyan- Catwalk Rockheads Aug 20- Post Aug 2",inactive,campaign,10.22,138389,148963,Reach,138389,0.0738498,,,,,,,,,2024-06-01,2024-10-06
"Abhiyan- Openhouse Blood Donation Aug 16- Post Aug 6",inactive,campaign,10.14,30291,41352,"Post engagements",1335,0.00759551,,,,,,,,,2024-06-01,2024-10-06
"Beitrag: „Our Recent Visa Granted students, Huge...“",completed,campaign,10,51795,82333,"Post engagements",17632,0.00056715,7,1.42857143,7,7,,,,,2024-06-01,2024-10-06
"Beitrag: „Chinese Terry Cotton Tshirt“",completed,campaign,10,19513,28996,"Messaging conversations started",58,0.17241379,58,0.17241379,60,52,,,,,2024-06-01,2024-10-06
"Post: ""🌟 Trend Alert: The Perfect Lining Shirt! 🌟""",completed,campaign,10,29558,40157,"Messaging conversations started",129,0.07751938,129,0.07751938,131,112,,,,,2024-06-01,2024-10-06
"Beitrag: „𝓢𝓾𝓶𝓶𝓮𝓻 𝓢𝓪𝓵𝓮 !!!𝓢𝓾𝓶𝓶𝓮𝓻 𝓢𝓪𝓵𝓮 !!!𝓢𝓾𝓶𝓶𝓮𝓻 𝓢𝓪𝓵𝓮 !!!“",completed,campaign,10,7114,14354,"Messaging conversations started",27,0.37037037,27,0.37037037,27,26,,,,,2024-06-01,2024-10-06
"Post: ""Admission Open in Grade 11 for Management Faculty...""",completed,campaign,10,15178,30559,"Messaging conversations started",11,0.90909091,11,0.90909091,11,11,,,,,2024-06-01,2024-10-06
"Post: ""Order Now #🌼🎁 """,completed,campaign,10,20302,35944,"Messaging conversations started",114,0.0877193,114,0.0877193,114,106,,,,,2024-06-01,2024-10-06
"Abhiyan- Pokhara Ad Awareness Jul 26",inactive,campaign,9.94,303685,316535,Reach,303685,0.03273128,59,0.16847458,61,58,,,,,2024-06-01,2024-10-06
"Post: ""✨ Elevate your style with our Premium Lining...""",recently_completed,campaign,9.92,27886,40706,"Messaging conversations started",264,0.03757576,264,0.03757576,244,228,,,,,2024-06-01,2024-10-06
"Beitrag: „New Arrivals kurti set 😍“",inactive,campaign,9.72,19669,31315,"Messaging conversations started",51,0.19058824,51,0.19058824,58,38,,,,,2024-06-01,2024-10-06
"Beitrag: „New Choli Design Maxi😍“",inactive,campaign,9.41,17789,25960,"Messaging conversations started",66,0.14257576,66,0.14257576,80,41,,,,,2024-06-01,2024-10-06
"Abhiyan Hamdam Sep-19 Post Name Hamdam Global",inactive,campaign,9.18,6397,11828,"Messaging conversations started",77,0.11922078,77,0.11922078,78,72,,,,,2024-06-01,2024-10-06
"Post: ""Super Cool  🪭""",inactive,campaign,9.02,13193,20222,"Messaging conversations started",53,0.17018868,53,0.17018868,60,34,,,,,2024-06-01,2024-10-06
"abhiyan hambad sep 16",inactive,campaign,9.01,10418,16116,"Messaging conversations started",126,0.07150794,126,0.07150794,127,126,,,,,2024-06-01,2024-10-06
"New Sales Campaign",completed,campaign,9,28754,39147,"Messaging conversations started",125,0.072,125,0.072,135,113,,,,,2024-06-01,2024-10-06
"Beitrag: „🔥मात्र रु 1490 मा 3 Piece Jacket 🔥“",completed,campaign,9,24884,30362,"Messaging conversations started",68,0.13235294,68,0.13235294,69,68,,,,,2024-06-01,2024-10-06
"Beitrag: „Rs:1540 for 3 piece jacket 😍“",completed,campaign,9,26204,30753,"Messaging conversations started",39,0.23076923,39,0.23076923,39,39,,,,,2024-06-01,2024-10-06
"Post: ""👗5 Button Maxi Dress ❤️❤️❤️🌹🌹""",inactive,campaign,8.98,8263,14412,"Messaging conversations started",58,0.15482759,58,0.15482759,85,46,,,,,2024-06-01,2024-10-06
"Abhiyan- Catwalk Bollywood Night Hightlight Aug 23- Post Aug 21",inactive,campaign,8.81,115030,140238,Reach,115030,0.07658872,,,,,,,,,2024-06-01,2024-10-06
"Beitrag: „""🎉 Congrats on getting your U.S. visa! 🇺🇸 Your...“",completed,campaign,8.75,4661,7384,"Messaging conversations started",25,0.35,25,0.35,24,23,,,,,2024-06-01,2024-10-06
"Abhiyan- Catwalk Promo Vid Aug 31- Post Aug 29",inactive,campaign,8.28,121175,149027,Reach,121175,0.06833093,,,,,,,,,2024-06-01,2024-10-06
"Beitrag: „😍❤️ PJ Set for Women“",inactive,campaign,8.19,16209,21831,"Messaging conversations started",62,0.13209677,62,0.13209677,63,61,,,,,2024-06-01,2024-10-06
"Post: ""😍❤️ Sleeveless Maxi for Women""",inactive,campaign,8.02,14301,20171,"Messaging conversations started",112,0.07160714,112,0.07160714,132,112,,,,,2024-06-01,2024-10-06
"Beitrag: „बडा दशैं आशिर्वाद अफर; चाडपर्वको शुभ सुरुवात आजै...“",inactive,campaign,7.93,8274,13169,"Messaging conversations started",22,0.36045455,22,0.36045455,22,14,,,,,2024-06-01,2024-10-06
"Abhiyan- Hamdam Sep 4",inactive,campaign,7.75,10294,14878,"Messaging conversations started",22,0.35227273,22,0.35227273,22,22,,,,,2024-06-01,2024-10-06
"Beitrag: „New Arrivals 🥳 🥰 Polar Fleece Zipper Gown“",active,campaign,7.58,9362,13564,"Messaging conversations started",40,0.1895,40,0.1895,46,31,,,,,2024-06-01,2024-10-06
"Beitrag: „****** साना देखि ठुला ब्यापारको लागि  BOOSTING...“",archived,campaign,7.4,3779,5468,,,,16,0.4625,15,15,,,,,2024-06-01,2024-10-06
"abhiyan catwalk vten sep16 -post sep 14",inactive,campaign,7.37,15836,37469,"Link clicks",347,0.02123919,16,0.460625,1,9,,,,,2024-06-01,2024-10-06
"Beitrag: „😍❤️ Sleeveless Maxi “",inactive,campaign,7.14,11070,14349,"Messaging conversations started",46,0.15521739,46,0.15521739,56,43,,,,,2024-06-01,2024-10-06
"Abhiyan- Oli Dai Aug 29",inactive,campaign,7.11,15282,28051,"Instagram profile visits",1549,0.00459006,,,,,,,,,2024-06-01,2024-10-06
"Beitrag: „Keep yourself cool 😎 and comfortable with these...“",completed,campaign,7,9246,15291,"Messaging conversations started",32,0.21875,32,0.21875,39,26,,,,,2024-06-01,2024-10-06
"Post: ""Chinese Terry Cotton Tshirt""",completed,campaign,7,12445,19787,"Messaging conversations started",62,0.11290323,62,0.11290323,66,60,,,,,2024-06-01,2024-10-06
"Post: ""Restocked on high demand Men women summer jogger """,completed,campaign,7,14454,22394,"Messaging conversations started",97,0.07216495,97,0.07216495,100,92,,,,,2024-06-01,2024-10-06
"Post: ""Premium quality watch available now.""",completed,campaign,7,27181,38498,"Messaging conversations started",284,0.02464789,284,0.02464789,296,283,,31,0.22580645,,2024-06-01,2024-10-06
"Post: ""Summer shorts for both men and women""",completed,campaign,7,10155,17243,"Messaging conversations started",76,0.09210526,76,0.09210526,79,73,,,,,2024-06-01,2024-10-06
"Abhiyan - Pokhara Awareness Jul 25- 3rd",inactive,campaign,6.95,14826,22173,"Messaging conversations started",34,0.20441176,34,0.20441176,38,34,,,,,2024-06-01,2024-10-06
"Post: ""We are happy to share our student achievements.""",inactive,campaign,6.66,4817,6536,"Messaging conversations started",1,6.66,1,6.66,1,1,,,,,2024-06-01,2024-10-06
"Abhiyan- Openhouse Blood Donation HL Aug 17- Post Aug 17",inactive,campaign,6.64,94391,129727,"Post engagements",50055,0.00013265,7,0.94857143,7,7,,,,,2024-06-01,2024-10-06
"Beitrag: „🔥3 ओटा कुर्ता शर्ट मात्र रु 1499🔥2 ओटा कुर्ता...“",inactive,campaign,6.62,21518,27116,"Messaging conversations started",42,0.15761905,42,0.15761905,49,41,,,,,2024-06-01,2024-10-06
"abhiyan catwalk booly wood night",inactive,campaign,6.48,62390,92048,"Post engagements",26741,0.00024232,11,0.58909091,4,7,,,,,2024-06-01,2024-10-06
"Abhiyan-Nyaxi Dai 2 Jul 29",inactive,campaign,6.46,3638,7822,"Messaging conversations started",11,0.58727273,11,0.58727273,20,10,,,,,2024-06-01,2024-10-06
"Abhiyan- Nyaxi Dai FB Jul 29",inactive,campaign,6.46,8897,16476,"Messaging conversations started",16,0.40375,16,0.40375,20,16,,,,,2024-06-01,2024-10-06
"Abhiyan - Catwalk & Openhouse on Everyday Life Aug 20",inactive,campaign,6.3,35652,49117,"Post engagements",10853,0.00058048,1,6.3,1,1,,,,,2024-06-01,2024-10-06
"Abhiyan- Catwalk 2nd Ani Aug 16- Post Aug 15",inactive,campaign,6.15,89932,93477,Reach,89932,0.068385,7,0.87857143,,5,,,,,2024-06-01,2024-10-06
"Post: ""Premium Quality watch """,completed,campaign,6,34554,45410,"Messaging conversations started",150,0.04,150,0.04,156,147,,,,,2024-06-01,2024-10-06
"Post: ""Only Rs 1099""",completed,campaign,6,12532,18356,"Messaging conversations started",61,0.09836066,61,0.09836066,67,57,,,,,2024-06-01,2024-10-06
"Post: ""New design watch Restock🔥""",completed,campaign,6,33260,41749,"Messaging conversations started",275,0.02181818,275,0.02181818,282,256,,,,,2024-06-01,2024-10-06
"Post: ""Only Rs 1249""",completed,campaign,6,15760,21603,"Messaging conversations started",34,0.17647059,34,0.17647059,43,30,,,,,2024-06-01,2024-10-06
"Post: ""Beautiful timepiece available....""",completed,campaign,6,12409,17243,"Messaging conversations started",95,0.06315789,95,0.06315789,99,92,,,,,2024-06-01,2024-10-06
"Post: ""Premium quality watch available now.""",recently_completed,campaign,6,21858,25796,"Messaging conversations started",70,0.08571429,70,0.08571429,71,69,,,,,2024-06-01,2024-10-06
"Post: ""Rs. 1099""",completed,campaign,6,10767,14309,"Messaging conversations started",54,0.11111111,54,0.11111111,65,53,,,,,2024-06-01,2024-10-06
"Post: ""Premium quality watch available 🔥""",completed,campaign,6,15251,22907,"Messaging conversations started",140,0.04285714,140,0.04285714,140,139,,,,,2024-06-01,2024-10-06
"Post: ""Premium Quality watch """,completed,campaign,6,19080,27177,"Messaging conversations started",192,0.03125,192,0.03125,205,191,,,,,2024-06-01,2024-10-06
"Post: ""Rs 1100 """,completed,campaign,6,10939,15977,"Messaging conversations started",31,0.19354839,31,0.19354839,32,30,,,,,2024-06-01,2024-10-06
"Post: ""Premium Quality watch """,completed,campaign,6,34409,43719,"Messaging conversations started",121,0.04958678,121,0.04958678,129,117,,,,,2024-06-01,2024-10-06
"Post: ""Premium quality watch available 🔥""",completed,campaign,6,22207,32641,"Messaging conversations started",97,0.06185567,97,0.06185567,103,96,,,,,2024-06-01,2024-10-06
"Post: ""New design watch Restock🔥""",completed,campaign,6,27696,38808,"Messaging conversations started",334,0.01796407,334,0.01796407,358,316,,18,0.33333333,,2024-06-01,2024-10-06
"Post: ""New design watch available 🔥 """,completed,campaign,6,18355,28098,"Messaging conversations started",202,0.02970297,202,0.02970297,222,174,,,,,2024-06-01,2024-10-06
"New Sales Campaign",completed,campaign,6,11591,15506,"Messaging conversations started",58,0.10344828,58,0.10344828,60,48,,,,,2024-06-01,2024-10-06
"Abhiyan- Catwalk Nihan 360 Vid Sep 2- Post Aug 31",inactive,campaign,5.75,39378,120428,Reach,39378,0.14602062,,,,,,,,,2024-06-01,2024-10-06
"Abhiyan- Hamdam Aug 16",inactive,campaign,5.73,7717,12839,"Messaging conversations started",236,0.02427966,236,0.02427966,241,212,,,,,2024-06-01,2024-10-06
"abhiyan maxi dai sep-19",inactive,campaign,5.64,2891,7868,"Messaging conversations started",14,0.40285714,14,0.40285714,21,9,,,,,2024-06-01,2024-10-06
"Abhiyan - Pokhara Awareness Jul 25 2nd",inactive,campaign,5.57,187857,190755,Reach,187857,0.02965021,15,0.37133333,15,15,,,,,2024-06-01,2024-10-06
"Abhiyan- Nyaxi Dai Aug 11 Insta",inactive,campaign,5.56,3920,8630,"Messaging conversations started",8,0.695,8,0.695,14,5,,,,,2024-06-01,2024-10-06
"Post: ""Cotton Joggers available """,active,campaign,5.51,9765,15396,"Messaging conversations started",67,0.08223881,67,0.08223881,65,50,,,,,2024-06-01,2024-10-06
"Abhiyan- Catwalk FB 2nd Ani Bite Aug 16- Post Aug 15",inactive,campaign,5.4,64892,82844,"Post engagements",36856,0.00014652,27,0.2,23,24,,,,,2024-06-01,2024-10-06
"Beitrag: „CLASSIC PJ SET (Plus Size XL, XXL)“",inactive,campaign,5.36,16051,17905,"Messaging conversations started",24,0.22333333,24,0.22333333,27,24,,,,,2024-06-01,2024-10-06
"Post: ""😍❤️ Cord Sets  """,inactive,campaign,5.17,10465,12698,"Messaging conversations started",40,0.12925,40,0.12925,41,38,,,,,2024-06-01,2024-10-06
"Abhiyan- Catwalk Raju Lama Bite Eng Aug 17- Post Aug 16",inactive,campaign,5.15,69731,85042,"Post engagements",24962,0.00020631,,,,,,,,,2024-06-01,2024-10-06
"Abhiyan- Catwalk Bollywood Night ENg FB Aug 13- Post Aug 12",inactive,campaign,5.03,65239,93681,"Post engagements",41342,0.00012167,11,0.45727273,10,10,,,,,2024-06-01,2024-10-06
"Beitrag: „🔥3 ओटा  शर्ट मात्र रु 1620🔥2 ओटा  शर्ट मात्र रु 1260🔥“",completed,campaign,5,13612,16436,"Messaging conversations started",45,0.11111111,45,0.11111111,51,43,,,,,2024-06-01,2024-10-06
"Post: ""💥Men's and Women's Cargo Joggers Pant 💥""",completed,campaign,5,6027,8327,"Messaging conversations started",108,0.0462963,108,0.0462963,130,103,,,,,2024-06-01,2024-10-06
"Post: ""New design watch Restock🔥""",completed,campaign,5,10027,13789,"Messaging conversations started",122,0.04098361,122,0.04098361,145,117,,,,,2024-06-01,2024-10-06
"Post: ""New design Anarkali available 🔥""",archived,campaign,5,21681,26670,,,,259,0.01930502,260,241,,4,1.25,,2024-06-01,2024-10-06
"Instagram post: ✨ Elevate your style with our...",active,campaign,4.91,9711,13344,"Messaging conversations started",84,0.05845238,84,0.05845238,72,70,,,,,2024-06-01,2024-10-06
"Abhiyan- Catwalk Kandara Band Live Aug 20 - Post Aug 19",inactive,campaign,4.89,183693,189241,Reach,183693,0.0266205,7,0.69857143,6,7,,,,,2024-06-01,2024-10-06
"Post: ""🎯 Book your PTE and  DUOLINGO now and unlock a...""",inactive,campaign,4.83,1932,2248,,,,,,,,,,,,2024-06-01,2024-10-06
"Beitrag: „𝐃𝐀𝐒𝐇𝐀𝐈𝐍 𝐎𝐅𝐅𝐄𝐑!!! 𝐃𝐀𝐒𝐇𝐀𝐈𝐍 𝐎𝐅𝐅𝐄𝐑!!!“",inactive,campaign,4.82,4094,4695,"Messaging conversations started",2,2.41,2,2.41,1,1,,,,,2024-06-01,2024-10-06
"Abhiyan- Catwalk DJ Nihan Aug 27- Post Aug 26",inactive,campaign,4.77,69900,74910,Reach,69900,0.06824034,,,,,,,,,2024-06-01,2024-10-06
"Instagram-Beitrag: 😍❤️ Cord Sets 
❇️Price Rs.799...",inactive,campaign,4.75,11050,12439,"Messaging conversations started",23,0.20652174,23,0.20652174,23,23,,,,,2024-06-01,2024-10-06
"Abhiyan- Nyaxi Dai",inactive,campaign,4.67,3496,7019,"Messaging conversations started",7,0.66714286,7,0.66714286,16,6,,,,,2024-06-01,2024-10-06
"Beitrag: „High quality Choli Maxi😍“",inactive,campaign,4.61,9355,15280,"Messaging conversations started",31,0.14870968,31,0.14870968,42,22,,,,,2024-06-01,2024-10-06
"Abhiyan- Catwalk Chhewang Lama Bite ENG Aug 17- Post Aug 17",inactive,campaign,4.6,52332,66184,"Post engagements",20085,0.00022903,15,0.30666667,8,11,,,,,2024-06-01,2024-10-06
"Abhiyan - Green Hills Oct 3 Awareness First",active,campaign,4.54,148121,149997,Reach,148121,0.03065062,4,1.135,4,4,,,,,2024-06-01,2024-10-06
"Abhiyan- Green Hills Oct 3 Awareness Second",active,campaign,4.53,146453,151257,Reach,146453,0.03093143,1,4.53,1,1,,,,,2024-06-01,2024-10-06
"Abhiyan- Nyaxi Dai Aug 11",inactive,campaign,4.46,3077,7036,"Messaging conversations started",5,0.892,5,0.892,10,3,,,,,2024-06-01,2024-10-06
"Abhiyan-Catwalk Rockhead FB Eng Aug 21- Post Aug 21",inactive,campaign,4.38,11416,17920,"Post engagements",1120,0.00391071,5,0.876,3,5,,,,,2024-06-01,2024-10-06
"Abhiyan Green Hills Oct 3 Engagement First",active,campaign,4.37,4957,9941,"Messaging conversations started",30,0.14566667,30,0.14566667,29,29,,,,,2024-06-01,2024-10-06
"Abhiyan- Catwalk We are hiring Aug 27- Post Aug 27",inactive,campaign,4.34,7239,16061,"Messaging conversations started",22,0.19727273,22,0.19727273,23,14,,,,,2024-06-01,2024-10-06
"Abhiyan- Hamad $15",not_delivering,campaign,4.32,4305,6792,"Messaging conversations started",81,0.05333333,81,0.05333333,81,77,,,,,2024-06-01,2024-10-06
"Beitrag: „𝐃𝐀𝐒𝐇𝐀𝐈𝐍 𝐎𝐅𝐅𝐄𝐑!!! 𝐃𝐀𝐒𝐇𝐀𝐈𝐍 𝐎𝐅𝐅𝐄𝐑!!!“",inactive,campaign,4.31,4781,5716,"Messaging conversations started",1,4.31,1,4.31,1,1,,,,,2024-06-01,2024-10-06
"Abhiyan- Catwalk DJ Vasim Sep 5- Post Sep 1",inactive,campaign,4.28,95901,155938,Reach,95901,0.04462936,,,,,,,,,2024-06-01,2024-10-06
"Abhiyan- Catwalk $2 Per Day Anniversary Details Aug 10- Post Aug 9",inactive,campaign,4.27,53505,79428,"Post engagements",26192,0.00016303,6,0.71166667,4,5,,,,,2024-06-01,2024-10-06
"abiyanthapa sep-9",inactive,campaign,4.26,2085,5336,"Messaging conversations started",15,0.284,15,0.284,18,12,,,,,2024-06-01,2024-10-06
"abhiyan catwal friday night sep 16-post sep16",inactive,campaign,4.18,64717,67018,Reach,64717,0.0645889,,,,,,,,,2024-06-01,2024-10-06
"Abhiyan - Nyaxi Dai Jul 25",inactive,campaign,4.12,3418,6445,"Messaging conversations started",6,0.68666667,6,0.68666667,14,5,,,,,2024-06-01,2024-10-06
"Abhiyan- Catwalk 2nd Anniversary Aug 13- Post Aug 10 Bite",inactive,campaign,4.04,30507,37115,"Post engagements",12130,0.00033306,3,1.34666667,1,3,,,,,2024-06-01,2024-10-06
"Post: ""New design watch available 🔥 """,completed,campaign,4,9839,14143,"Messaging conversations started",123,0.03252033,123,0.03252033,142,105,,,,,2024-06-01,2024-10-06
"Post: ""New design watch available 🔥 """,recently_completed,campaign,4,12412,16909,"Messaging conversations started",128,0.03125,128,0.03125,138,117,,,,,2024-06-01,2024-10-06
"Post: ""Premium quality watch available now.""",completed,campaign,4,11796,14969,"Messaging conversations started",53,0.0754717,53,0.0754717,54,48,,,,,2024-06-01,2024-10-06
"Post: ""New design watch available 🔥 """,completed,campaign,4,10812,15219,"Messaging conversations started",123,0.03252033,123,0.03252033,139,110,,,,,2024-06-01,2024-10-06
"Post: ""New kurthi for summer....""",completed,campaign,4,8284,12752,"Messaging conversations started",128,0.03125,128,0.03125,134,119,,,,,2024-06-01,2024-10-06
"Post: ""New design kurthi, limited piece only shop now !...""",completed,campaign,4,8204,10133,"Messaging conversations started",27,0.14814815,27,0.14814815,33,23,,,,,2024-06-01,2024-10-06
"Post: ""New design watch Restock🔥""",completed,campaign,4,14606,18219,"Messaging conversations started",118,0.03389831,118,0.03389831,125,111,,1,4,,2024-06-01,2024-10-06
"Post: ""New design watch available 🔥 """,completed,campaign,4,10611,15263,"Messaging conversations started",139,0.02877698,139,0.02877698,157,128,,,,,2024-06-01,2024-10-06
"Post: ""Brand new on market❤️""",completed,campaign,4,9488,12822,"Messaging conversations started",44,0.09090909,44,0.09090909,44,44,,,,,2024-06-01,2024-10-06
"Instagram-Beitrag: Sexy Backless Strapless Halter...",completed,campaign,3.99,3285,4418,"Messaging conversations started",26,0.15346154,26,0.15346154,26,26,,,,,2024-06-01,2024-10-06
"Abhiyan Catwalk Sep-19 Vten Bite-Post Sep-17",inactive,campaign,3.98,34327,73170,Reach,34327,0.11594372,1,3.98,,,,,,,2024-06-01,2024-10-06
"Abhiyan-catwalk promo video sep-19 post sep -19",inactive,campaign,3.93,31872,69435,Reach,31872,0.12330572,,,,,,,,,2024-06-01,2024-10-06
"Abhiyan- Catwalk Raju Lama Bite Aug 17- Post Aug 16",inactive,campaign,3.92,145120,150084,Reach,145120,0.02701213,,,,,,,,,2024-06-01,2024-10-06
"Abhiyan- Catwalk Promo Vid Profile Visit Aug 30- Post Aug 29",inactive,campaign,3.79,17653,27064,"Instagram profile visits",609,0.00622332,8,0.47375,2,3,,,,,2024-06-01,2024-10-06
"Abhiyan- Nyaxi Dai Jul 29",inactive,campaign,3.74,3993,7556,"Messaging conversations started",9,0.41555556,9,0.41555556,16,6,,,,,2024-06-01,2024-10-06
"Abhiyan- Catwalk Oct 2- Ladies Night Post Oct 2",inactive,campaign,3.66,52666,54308,Reach,52666,0.06949455,,,,,,,,,2024-06-01,2024-10-06
"Post: ""New arrivals""",completed,campaign,3.5,4189,5987,"Messaging conversations started",23,0.15217391,23,0.15217391,29,16,,,,,2024-06-01,2024-10-06
"Abhiyan- Catwalk Friday Night Oct 3- Post Oct 3",inactive,campaign,3.44,29392,48268,Reach,29392,0.11703865,1,3.44,,1,,,,,2024-06-01,2024-10-06
"Abhiyan- Catwalk Anniversary Highlight Aug 23- Post Aug 20",inactive,campaign,3.32,64542,66228,Reach,64542,0.05143937,,,,,,,,,2024-06-01,2024-10-06
"Beitrag: „🔥3 ओटा कुर्ता शर्ट मात्र रु 1499🔥2 ओटा कुर्ता...“",inactive,campaign,3.29,6667,8127,"Messaging conversations started",20,0.1645,20,0.1645,23,19,,,,,2024-06-01,2024-10-06
"Abhiyan- Catwalk 2nd Ani Fewa TV FB ENG Aug 16- Post Aug 16 (Everyday Nepali Life)",inactive,campaign,3.27,49091,59692,"Post engagements",27371,0.00011947,5,0.654,5,5,,,,,2024-06-01,2024-10-06
"Abhiyan- Catwalk 2nd Anniversary Kanda Hightlight Aug 13- Post Aug 10",inactive,campaign,3.14,19373,25291,"Post engagements",10838,0.00028972,8,0.3925,3,5,,,,,2024-06-01,2024-10-06
"Abhiyan- Catwalk 2nd Ani Deepak Bite Eng Aug 17- Post Aug 17",inactive,campaign,3.04,26934,32311,"Post engagements",11575,0.00026263,15,0.20266667,13,11,,,,,2024-06-01,2024-10-06
"Post: ""Offer offer offer🔥🔥""",archived,campaign,3,6291,7449,,,,125,0.024,128,118,,9,0.33333333,,2024-06-01,2024-10-06
"Post: ""Rs 1100 only """,completed,campaign,3,5337,6936,"Messaging conversations started",11,0.27272727,11,0.27272727,11,10,,,,,2024-06-01,2024-10-06
"Abhiyan- Catwalk Promo Vid FB Aug 30- Post Aug 29",inactive,campaign,2.98,53768,131691,Reach,53768,0.0554233,2,1.49,2,2,,,,,2024-06-01,2024-10-06
"Abhiyan- Hamdam Aug 23",rejected,campaign,2.91,4260,5789,"Messaging conversations started",5,0.582,5,0.582,7,4,,,,,2024-06-01,2024-10-06
"Post: ""New Arrivals 🥳 🥰 Polar (Front Zip) Gown """,inactive,campaign,2.9,4984,6562,"Messaging conversations started",18,0.16111111,18,0.16111111,20,14,,,,,2024-06-01,2024-10-06
"Post: ""Best kurthi set for shrawan available 🔥 """,archived,campaign,2.84,6363,8254,,,,24,0.11833333,29,22,,4,0.71,,2024-06-01,2024-10-06
"Abhiyan- Openhouse Food Vid Sep 1- Post Aug 13",inactive,campaign,2.65,32901,65324,Reach,32901,0.08054466,,,,,,,,,2024-06-01,2024-10-06
"Abhiyan- Catwalk Ladies Night Sep 1- Post Aug 31",inactive,campaign,2.65,20091,44099,Reach,20091,0.13189986,,,,,,,,,2024-06-01,2024-10-06
"Danke Consulting",inactive,campaign,2.43,2803,3710,"Messaging conversations started",12,0.2025,12,0.2025,12,11,,,,,2024-06-01,2024-10-06
"catwalk sep-9 boolywood night awareness insta",inactive,campaign,2.4,45611,46022,Reach,45611,0.05261889,,,,,,,,,2024-06-01,2024-10-06
"Abhiyan- Catwalk Vten Highlights Oct 4- Post Oct 1",active,campaign,2.33,25479,41402,Reach,25479,0.09144786,,,,,,,,,2024-06-01,2024-10-06
"Abhiyan- Catwalk Bollywood Night- Aug 12- Post Aug 12",inactive,campaign,2.32,45838,47728,Reach,45838,0.05061303,1,2.32,,,,,,,2024-06-01,2024-10-06
"Abhiyan- Catwalk Glam Night Aug 27- Post Aug 27",inactive,campaign,2.12,23575,39398,Reach,23575,0.08992577,,,,,,,,,2024-06-01,2024-10-06
"Abhiyan-Catwalk Friday Night Aug 21- Post Aug 21",inactive,campaign,2.11,39912,40778,Reach,39912,0.05286631,,,,,,,,,2024-06-01,2024-10-06
"Beitrag: „7-day Online Public Speaking Training“",inactive,campaign,2.1,2220,3598,"Messaging conversations started",9,0.23333333,9,0.23333333,11,8,,,,,2024-06-01,2024-10-06
"Abhiyan- Hamdam Aug 14",inactive,campaign,2.06,2295,2819,"Messaging conversations started",16,0.12875,16,0.12875,16,16,,,,,2024-06-01,2024-10-06
"Post: ""New design watch available 🔥 """,recently_completed,campaign,2,4894,6263,"Messaging conversations started",64,0.03125,64,0.03125,79,52,,,,,2024-06-01,2024-10-06
"Post: ""New design watch Restock🔥""",completed,campaign,2,5653,7705,"Messaging conversations started",68,0.02941176,68,0.02941176,78,63,,3,0.66666667,,2024-06-01,2024-10-06
"Post: ""Premium quality water resistant watch available 🔥 """,completed,campaign,2,5100,6226,"Messaging conversations started",17,0.11764706,17,0.11764706,17,17,,,,,2024-06-01,2024-10-06
"Post: ""Premium quality water resistant watch available 🔥 """,completed,campaign,2,7505,9645,"Messaging conversations started",30,0.06666667,30,0.06666667,31,30,,,,,2024-06-01,2024-10-06
"Post: ""New design watch available 🔥 """,completed,campaign,2,5733,7468,"Messaging conversations started",60,0.03333333,60,0.03333333,63,59,,,,,2024-06-01,2024-10-06
"Post: ""New design watch available 🔥 """,recently_completed,campaign,2,5578,7023,"Messaging conversations started",61,0.03278689,61,0.03278689,68,50,,,,,2024-06-01,2024-10-06
"Post: ""New design watch available 🔥 """,recently_completed,campaign,2,6092,7389,"Messaging conversations started",66,0.03030303,66,0.03030303,73,59,,,,,2024-06-01,2024-10-06
"Post: ""Premium quality water resistant watch available 🔥 """,completed,campaign,2,8293,10036,"Messaging conversations started",17,0.11764706,17,0.11764706,19,17,,,,,2024-06-01,2024-10-06
"Post: ""New design watch available 🔥 """,completed,campaign,2,4091,5626,"Messaging conversations started",48,0.04166667,48,0.04166667,85,43,,,,,2024-06-01,2024-10-06
"Post: ""New design watch available 🔥 """,completed,campaign,2,6121,7921,"Messaging conversations started",82,0.02439024,82,0.02439024,97,75,,,,,2024-06-01,2024-10-06
"Post: ""Digital watch available """,completed,campaign,2,6418,7918,"Messaging conversations started",60,0.03333333,60,0.03333333,60,60,,,,,2024-06-01,2024-10-06
"Post: ""1 piece available 🔥 """,archived,campaign,2,5527,7111,,,,33,0.06060606,35,32,,3,0.66666667,,2024-06-01,2024-10-06
"Abhiyan- Catwalk FB 2nd Ani Flyer Aug 16- Post Aug 15",inactive,campaign,1.89,4985,7327,ThruPlay,4262,0.00044345,,,,,,,,,2024-06-01,2024-10-06
"bhiyan- Catwalk Friday Night Sep 11- Post Sep 11",inactive,campaign,1.77,22832,37977,Reach,22832,0.07752278,,,,,,,,,2024-06-01,2024-10-06
"Abhiyan-Catwalk Bollywood Night Hightlight Aug 21- Post Aug 21",inactive,campaign,1.74,12231,13849,"Post engagements",4645,0.0003746,1,1.74,1,1,,,,,2024-06-01,2024-10-06
"Abhiyan- Catwalk 2nd Ani Kandara Bite Aug 16- Post Aug 15",inactive,campaign,1.66,28839,30177,Reach,28839,0.05756094,1,1.66,1,1,,,,,2024-06-01,2024-10-06
"Abhiyan- Catwalk Chhewang Lama Bite Aug 17- Post Aug 17",inactive,campaign,1.3,47954,50000,Reach,47954,0.02710931,1,1.3,,1,,,,,2024-06-01,2024-10-06
"Post: ""👗5 Button Maxi Dress ❤️❤️❤️🌹🌹""",inactive,campaign,1.2,3157,3403,"Messaging conversations started",9,0.13333333,9,0.13333333,9,8,,,,,2024-06-01,2024-10-06
"techfusion ad",archived,campaign,1.18,13901,14951,,,,4,0.295,4,4,,,,,2024-06-01,2024-10-06
"Abhiyan- Catwalk Wednesday Night Aug 21- Post Aug 21",inactive,campaign,1.12,22072,22349,Reach,22072,0.05074302,,,,,,,,,2024-06-01,2024-10-06
"Post: ""Premium quality watch available now.""",inactive,campaign,1.05,2887,3285,"Messaging conversations started",2,0.525,2,0.525,3,2,,,,,2024-06-01,2024-10-06
"Abhiyan- Catwalk DJ Nihan Aug 26- Post Aug 26",inactive,campaign,1.01,1273,2493,,,,,,2,,,,,,2024-06-01,2024-10-06
"Abhiyan- Catwalk 2nd Ani Deepak Bite Aug 17- Post Aug 17",inactive,campaign,0.9,34108,35339,Reach,34108,0.02638677,1,0.9,1,1,,,,,2024-06-01,2024-10-06
"Abhiyan- Catwalk 2nd Ani Fewa TV awareness Aug 16- Post Aug 16 (Everyday Nepali Life)",inactive,campaign,0.72,28770,29966,Reach,28770,0.02502607,,,,,,,,,2024-06-01,2024-10-06
"Beitrag: „High quality 😍Super Soft Shirt set 🫶🏻👌“",active,campaign,0.7,1046,1147,"Messaging conversations started",2,0.35,2,0.35,3,2,,,,,2024-06-01,2024-10-06
"Abhiyan- Openhouse New Vid FB  Sep 4- Post Sep 4",inactive,campaign,0.67,11701,12758,"Post engagements",5717,0.00011719,1,0.67,1,1,,,,,2024-06-01,2024-10-06
"Beitrag: „🎯 Book Your IELTS, PTE, and Duolingo Test Date...“",inactive,campaign,0.6,3125,3189,"Link clicks",41,0.01463415,,,,,,,,,2024-06-01,2024-10-06
"Post: ""****** साना देखि ठुला ब्यापारको लागि  BOOSTING...""",inactive,campaign,0.42,417,452,"Messaging conversations started",2,0.21,2,0.21,2,2,,,,,2024-06-01,2024-10-06
"Post: ""Brand new on market🔥""",archived,campaign,0.33,762,828,,,,1,0.33,1,1,,,,,2024-06-01,2024-10-06
"Post: ""New Arrivals kurti set 😍""",inactive,campaign,0.3,811,888,"Messaging conversations started",5,0.06,5,0.06,6,3,,,,,2024-06-01,2024-10-06
"Beitrag: „Lining long shirt 😍 Size upto 90Kg☺️Delivery 🚚all...“",active,campaign,0.26,870,874,,,,,,1,,,,,,2024-06-01,2024-10-06
"Abhiyan - Pokhara News JUL 26 1ST",not_delivering,campaign,0.26,654,797,"Messaging conversations started",11,0.02363636,11,0.02363636,12,11,,,,,2024-06-01,2024-10-06
"Abhiyan- Pokhara News Jul26 Second",not_delivering,campaign,0.12,540,588,"Messaging conversations started",3,0.04,3,0.04,3,3,,,,,2024-06-01,2024-10-06
"Abhiyan- Hamdam Sep 5",not_delivering,campaign,0.02,85,89,,,,,,,,,,,,2024-06-01,2024-10-06
"Beitrag: „Keep yourself cool 😎 and comfortable with these...“",inactive,campaign,0.02,167,169,"Messaging conversations started",1,0.02,1,0.02,1,1,,,,,2024-06-01,2024-10-06
